region,month,ndvi_anomaly,rainfall_anomaly,food_price_inflation,temp_anomaly,risk_label
Baringo,2023/01,-0.13,0.55,0.11,0.16,1
Baringo,2023/02,-0.34,-0.24,0.01,0.32,2
Baringo,2023/03,0.1,0.31,0,0.38,1
Baringo,2023/04,0.33,-0.19,0.03,-0.09,1
Baringo,2023/05,-0.2,0.12,0.06,-0.03,2
Baringo,2023/06,0.11,-0.26,0.04,0.02,2
Baringo,2023/07,-0.04,0.39,0.03,0.11,1
Baringo,2023/08,0.09,-0.35,0.09,-0.1,2
Baringo,2023/09,-0.43,0.55,0.14,0.29,2
Baringo,2023/10,-0.2,-0.3,0.1,0.06,2
Baringo,2023/11,-0.38,0.1,0.01,0.35,2
Baringo,2023/12,-0.24,0.26,0.05,0.11,2
Baringo,2024/01,0.05,-0.22,0.15,0.27,2
Baringo,2024/02,0.44,0.49,0.09,0.35,1
Baringo,2024/03,-0.41,-0.2,0.01,0,2
Baringo,2024/04,-0.11,-0.13,0.12,0.01,2
Baringo,2024/05,-0.22,0.14,0.02,0.28,2
Baringo,2024/06,-0.43,0.59,0.12,-0.08,1
Baringo,2024/07,-0.49,0.42,0.11,0.24,2
Baringo,2024/08,0.27,-0.33,0.05,-0.13,1
Baringo,2024/09,0.36,0.22,0.05,-0.16,0
Baringo,2024/10,-0.19,-0.07,0.11,0.18,2
Baringo,2024/11,0.39,0.07,0.02,0.23,1
Baringo,2024/12,0.26,0.16,0.12,0.1,1
Bomet,2023/01,0.02,0.03,0,-0.14,1
Bomet,2023/02,-0.47,0.24,0.05,0.11,2
Bomet,2023/03,0.41,-0.15,0.06,0.25,2
Bomet,2023/04,-0.27,-0.32,0.04,-0.1,2
Bomet,2023/05,0.43,0.41,0.1,0.32,1
Bomet,2023/06,0.3,-0.21,0.13,0.12,2
Bomet,2023/07,0.31,0.5,0.05,-0.13,0
Bomet,2023/08,-0.27,0.03,0.12,0.32,2
Bomet,2023/09,-0.49,0.11,0.06,-0.07,2
Bomet,2023/10,-0.38,-0.06,0.14,-0.01,2
Bomet,2023/11,0.02,0.3,0.05,0.38,2
Bomet,2023/12,0.46,-0.15,0.07,-0.02,1
Bomet,2024/01,-0.22,-0.36,0.09,0.1,2
Bomet,2024/02,-0.45,-0.12,0.14,-0.06,2
Bomet,2024/03,-0.36,0.09,0.15,-0.05,2
Bomet,2024/04,0.17,0.36,0.04,0.24,1
Bomet,2024/05,-0.13,0.23,0.1,0.12,2
Bomet,2024/06,-0.41,0.44,0.05,-0.09,1
Bomet,2024/07,-0.46,0.19,0.1,-0.19,2
Bomet,2024/08,0.01,-0.17,0.1,-0.1,2
Bomet,2024/09,0.19,-0.01,0.14,-0.12,1
Bomet,2024/10,-0.16,-0.29,0.14,0.33,2
Bomet,2024/11,-0.24,0.26,0.12,0.13,2
Bomet,2024/12,0.03,-0.16,0.01,0.34,2
Bungoma,2023/01,0.4,0.23,0.05,0.01,0
Bungoma,2023/02,0.23,0.5,0.13,0.27,1
Bungoma,2023/03,0.14,-0.32,0.02,0.34,2
Bungoma,2023/04,0.11,-0.39,0.02,0.2,2
Bungoma,2023/05,-0.49,-0.24,0.08,0.22,2
Bungoma,2023/06,0.15,-0.18,0.11,-0.06,2
Bungoma,2023/07,-0.17,0.35,0.1,0.31,2
Bungoma,2023/08,0.16,0.17,0.01,0.02,1
Bungoma,2023/09,-0.23,-0.16,0.15,0.04,2
Bungoma,2023/10,0.39,0.23,0.12,0.1,1
Bungoma,2023/11,0.08,0.09,0.03,0.23,2
Bungoma,2023/12,-0.22,-0.38,0.1,-0.09,2
Bungoma,2024/01,0.44,0.55,0.14,0.02,0
Bungoma,2024/02,-0.48,0.53,0.06,0.38,2
Bungoma,2024/03,0.46,0.45,0.04,0.03,0
Bungoma,2024/04,0.35,-0.08,0.03,0.13,1
Bungoma,2024/05,0.44,0.3,0.09,-0.14,0
Bungoma,2024/06,0.12,0.59,0.02,0.11,0
Bungoma,2024/07,0.38,0.34,0.1,0.22,1
Bungoma,2024/08,-0.14,-0.11,0.12,0.29,2
Bungoma,2024/09,0.37,0.51,0.08,0.1,0
Bungoma,2024/10,0.3,0.25,0.11,0.28,1
Bungoma,2024/11,0.39,-0.06,0.06,-0.14,1
Bungoma,2024/12,0.08,-0.36,0.07,0.13,2
Busia,2023/01,-0.21,0.19,0,-0.18,1
Busia,2023/02,0.32,-0.04,0.02,0.11,1
Busia,2023/03,0.27,-0.18,0.09,-0.15,1
Busia,2023/04,-0.45,0.13,0.08,0.18,2
Busia,2023/05,0.23,0.58,0.08,-0.01,0
Busia,2023/06,0.3,-0.13,0.07,-0.15,1
Busia,2023/07,-0.47,0.56,0.13,0.22,2
Busia,2023/08,-0.09,-0.23,0.02,-0.05,2
Busia,2023/09,0.05,0.31,0.1,-0.03,1
Busia,2023/10,0.45,0.34,0.08,0.17,0
Busia,2023/11,-0.08,-0.15,0.05,0.25,2
Busia,2023/12,-0.49,-0.28,0.01,-0.18,2
Busia,2024/01,0.36,0.3,0.07,-0.14,0
Busia,2024/02,-0.01,0.07,0.03,0.06,2
Busia,2024/03,-0.1,0.22,0.1,-0.17,1
Busia,2024/04,-0.13,0.23,0.08,0.31,2
Busia,2024/05,0.16,-0.24,0.01,0.19,2
Busia,2024/06,-0.47,0.19,0.14,0.15,2
Busia,2024/07,-0.11,0.24,0.07,0.13,2
Busia,2024/08,0.44,-0.01,0.14,0.34,2
Busia,2024/09,-0.3,-0.33,0.02,-0.19,2
Busia,2024/10,-0.41,0.28,0.01,-0.01,2
Busia,2024/11,0.34,-0.38,0.12,-0.03,2
Busia,2024/12,-0.38,0.3,0.09,0.33,2
Elgeyo-Marakwet,2023/01,0.24,0.4,0.04,-0.09,0
Elgeyo-Marakwet,2023/02,0.25,0.41,0.15,0.05,1
Elgeyo-Marakwet,2023/03,-0.13,0.38,0.05,0.36,2
Elgeyo-Marakwet,2023/04,0.36,0.03,0.11,0.25,1
Elgeyo-Marakwet,2023/05,-0.4,0.5,0.08,0.3,2
Elgeyo-Marakwet,2023/06,-0.18,0.5,0.06,-0.19,1
Elgeyo-Marakwet,2023/07,0.41,-0.31,0.05,0.37,2
Elgeyo-Marakwet,2023/08,0.45,0.17,0.09,0.07,1
Elgeyo-Marakwet,2023/09,-0.21,-0.07,0.1,0.25,2
Elgeyo-Marakwet,2023/10,0.29,0.39,0.01,0.1,0
Elgeyo-Marakwet,2023/11,-0.44,0.15,0.07,0.33,2
Elgeyo-Marakwet,2023/12,-0.15,-0.28,0.02,0.26,2
Elgeyo-Marakwet,2024/01,0.12,-0.3,0.01,0.22,2
Elgeyo-Marakwet,2024/02,-0.43,0.42,0.11,-0.15,1
Elgeyo-Marakwet,2024/03,-0.42,0.59,0.06,0.02,1
Elgeyo-Marakwet,2024/04,0.31,0.55,0.15,0.25,1
Elgeyo-Marakwet,2024/05,-0.12,-0.32,0.12,0.14,2
Elgeyo-Marakwet,2024/06,-0.08,0.51,0.02,0.1,1
Elgeyo-Marakwet,2024/07,-0.49,0.07,0.01,-0.13,2
Elgeyo-Marakwet,2024/08,-0.38,0.25,0.11,0.15,2
Elgeyo-Marakwet,2024/09,0.46,-0.03,0.04,0.32,1
Elgeyo-Marakwet,2024/10,-0.28,0.56,0,0.38,2
Elgeyo-Marakwet,2024/11,-0.46,0.49,0.08,0.4,2
Elgeyo-Marakwet,2024/12,-0.43,0.15,0.15,0.11,2
Embu,2023/01,0.13,0.3,0.07,0.18,1
Embu,2023/02,0.08,0.5,0.01,-0.03,0
Embu,2023/03,0.45,0.49,0.07,0.17,0
Embu,2023/04,-0.22,-0.21,0.07,0.01,2
Embu,2023/05,0.08,-0.32,0.15,0.39,2
Embu,2023/06,0.2,0.14,0.05,0.29,2
Embu,2023/07,0.18,-0.24,0.14,0.29,2
Embu,2023/08,0.45,0.33,0.09,0.05,0
Embu,2023/09,0.43,0.47,0.01,-0.18,0
Embu,2023/10,-0.12,0.41,0.15,-0.11,1
Embu,2023/11,0.09,-0.02,0.15,0.31,2
Embu,2023/12,0.34,0.07,0.06,-0.04,1
Embu,2024/01,-0.44,0.46,0.12,0.4,2
Embu,2024/02,0.5,0.16,0.12,0.37,1
Embu,2024/03,0.35,-0.15,0.07,-0.12,1
Embu,2024/04,0.45,0.21,0.03,0.2,1
Embu,2024/05,0.12,-0.04,0.02,0.2,2
Embu,2024/06,0.02,0.37,0.08,0.31,1
Embu,2024/07,0.05,0.16,0.13,0.04,1
Embu,2024/08,-0.37,-0.37,0.11,0.17,2
Embu,2024/09,0.2,-0.19,0.02,-0.19,1
Embu,2024/10,-0.15,0.19,0.06,0.06,2
Embu,2024/11,0.4,-0.05,0.08,0.27,1
Embu,2024/12,-0.1,0.22,0.13,0.37,2
Garissa,2023/01,-0.35,0.53,0.07,-0.05,1
Garissa,2023/02,-0.04,0.58,0.07,0,1
Garissa,2023/03,0.13,-0.16,0.01,-0.12,1
Garissa,2023/04,-0.37,-0.25,0.02,0.18,2
Garissa,2023/05,-0.32,-0.05,0.13,0.08,2
Garissa,2023/06,0.17,-0.23,0.03,-0.18,1
Garissa,2023/07,-0.33,-0.12,0.03,-0.15,2
Garissa,2023/08,-0.38,0.06,0.03,0.02,2
Garissa,2023/09,0,0.29,0.01,0.28,1
Garissa,2023/10,0.13,-0.32,0.13,0.35,2
Garissa,2023/11,-0.44,-0.12,0.12,0.25,2
Garissa,2023/12,-0.32,-0.19,0.06,0.09,2
Garissa,2024/01,0.12,-0.03,0.07,0.25,2
Garissa,2024/02,-0.46,-0.15,0.11,0.34,2
Garissa,2024/03,0.01,0.13,0.02,0.07,1
Garissa,2024/04,0.03,-0.16,0.04,0.03,2
Garissa,2024/05,-0.48,-0.08,0.03,0,2
Garissa,2024/06,-0.38,0.49,0.09,0.21,2
Garissa,2024/07,0.29,0.1,0.01,0.12,1
Garissa,2024/08,0.09,0.35,0.06,-0.12,1
Garissa,2024/09,-0.22,-0.04,0.1,0.14,2
Garissa,2024/10,-0.14,0.59,0.09,-0.06,1
Garissa,2024/11,-0.4,-0.25,0.04,-0.1,2
Garissa,2024/12,-0.31,-0.11,0.03,0.34,2
Homa Bay,2023/01,-0.42,0.12,0.06,0.39,2
Homa Bay,2023/02,-0.39,0,0.15,0.32,2
Homa Bay,2023/03,0.32,-0.14,0.03,0.2,2
Homa Bay,2023/04,0.43,0.16,0.09,-0.03,0
Homa Bay,2023/05,0.27,-0.21,0.05,0.06,2
Homa Bay,2023/06,0.01,-0.16,0.02,0.17,2
Homa Bay,2023/07,-0.21,0.18,0.02,0.09,2
Homa Bay,2023/08,0.03,-0.35,0.05,-0.12,2
Homa Bay,2023/09,-0.44,0.59,0.05,0.29,2
Homa Bay,2023/10,-0.25,0.28,0.11,0.16,2
Homa Bay,2023/11,-0.03,0.01,0.05,0.36,2
Homa Bay,2023/12,0.33,0.57,0.02,0.24,0
Homa Bay,2024/01,0.44,-0.22,0.01,0.24,2
Homa Bay,2024/02,0.07,0.44,0.02,0.28,1
Homa Bay,2024/03,-0.3,-0.24,0.02,0.29,2
Homa Bay,2024/04,0.17,0.12,0.05,0.33,2
Homa Bay,2024/05,-0.11,0.42,0.07,0.03,1
Homa Bay,2024/06,-0.04,-0.1,0.11,0.1,2
Homa Bay,2024/07,-0.27,0.5,0.06,0.13,1
Homa Bay,2024/08,0.41,0.22,0.02,0.36,1
Homa Bay,2024/09,0.13,-0.07,0.02,0.28,2
Homa Bay,2024/10,0.12,0.13,0.13,0.27,2
Homa Bay,2024/11,-0.35,-0.09,0.04,0.25,2
Homa Bay,2024/12,-0.47,0.17,0.11,0.33,2
Isiolo,2023/01,-0.16,0.42,0.02,0.31,2
Isiolo,2023/02,-0.37,0,0.12,-0.11,2
Isiolo,2023/03,-0.27,0.32,0.11,0.18,2
Isiolo,2023/04,0.19,0.14,0.04,0.01,1
Isiolo,2023/05,-0.32,0.51,0.09,0.04,1
Isiolo,2023/06,-0.04,0.55,0.02,0.15,1
Isiolo,2023/07,0.01,0.21,0,0.32,2
Isiolo,2023/08,0.43,0.17,0.1,0.35,1
Isiolo,2023/09,0.21,-0.25,0.09,0.16,2
Isiolo,2023/10,-0.08,0.34,0.14,0.36,2
Isiolo,2023/11,-0.05,-0.29,0.15,0.3,2
Isiolo,2023/12,-0.38,0.52,0.13,0.11,2
Isiolo,2024/01,0.09,0,0.01,0,1
Isiolo,2024/02,0.3,-0.4,0.05,0.04,2
Isiolo,2024/03,0.04,0.52,0.05,0.01,1
Isiolo,2024/04,0.24,0.05,0.03,0.07,1
Isiolo,2024/05,-0.36,-0.22,0.07,0.05,2
Isiolo,2024/06,0.41,-0.04,0.09,0.18,1
Isiolo,2024/07,-0.49,0.26,0.03,0.38,2
Isiolo,2024/08,-0.35,0.01,0.01,0.4,2
Isiolo,2024/09,0,0.2,0.01,0.25,2
Isiolo,2024/10,-0.29,0.5,0.03,-0.09,1
Isiolo,2024/11,-0.46,0.07,0.08,-0.16,2
Isiolo,2024/12,0.28,0.05,0.08,0.06,1
Kajiado,2023/01,-0.1,0.16,0.02,-0.09,1
Kajiado,2023/02,0.36,0.55,0.06,-0.04,0
Kajiado,2023/03,0.14,0.01,0,-0.11,1
Kajiado,2023/04,0.22,0.26,0,-0.07,0
Kajiado,2023/05,-0.27,0.27,0,-0.14,1
Kajiado,2023/06,0.3,-0.22,0.1,-0.06,1
Kajiado,2023/07,-0.4,-0.16,0.11,0.31,2
Kajiado,2023/08,0.33,0,0.1,-0.08,1
Kajiado,2023/09,-0.21,0.5,0,-0.15,1
Kajiado,2023/10,-0.29,-0.37,0.03,0.15,2
Kajiado,2023/11,-0.08,0.49,0.12,0.01,1
Kajiado,2023/12,-0.24,-0.02,0.09,-0.04,2
Kajiado,2024/01,0.12,0.01,0.08,0.06,2
Kajiado,2024/02,-0.21,0.55,0.11,-0.12,1
Kajiado,2024/03,0.37,0.09,0.13,0.28,1
Kajiado,2024/04,-0.07,-0.38,0.04,0.12,2
Kajiado,2024/05,0.13,-0.14,0.02,0.3,2
Kajiado,2024/06,0.48,0.13,0.03,-0.04,0
Kajiado,2024/07,-0.48,0.51,0.02,0.15,2
Kajiado,2024/08,-0.23,0.15,0.1,0.3,2
Kajiado,2024/09,-0.29,-0.39,0.02,0.34,2
Kajiado,2024/10,0.37,0.2,0.09,0.2,1
Kajiado,2024/11,-0.32,0.51,0.06,0.03,1
Kajiado,2024/12,0.02,-0.35,0.02,0.24,2
Kakamega,2023/01,-0.42,0.2,0.04,0.03,2
Kakamega,2023/02,-0.21,-0.04,0.11,-0.02,2
Kakamega,2023/03,0.07,0.08,0.1,0.36,2
Kakamega,2023/04,0.23,-0.19,0,-0.04,1
Kakamega,2023/05,0.1,-0.35,0.07,0.16,2
Kakamega,2023/06,-0.17,0.37,0.02,-0.15,1
Kakamega,2023/07,0.23,0.1,0.1,0.06,1
Kakamega,2023/08,-0.25,0.42,0.12,0.22,2
Kakamega,2023/09,-0.23,0.19,0.05,-0.15,1
Kakamega,2023/10,0.42,-0.26,0.14,0.07,2
Kakamega,2023/11,-0.31,0.14,0.13,0.24,2
Kakamega,2023/12,0.31,0.26,0.1,0.31,1
Kakamega,2024/01,-0.25,0.09,0.03,0.39,2
Kakamega,2024/02,0.44,-0.36,0.11,0.36,2
Kakamega,2024/03,-0.32,0.17,0.14,-0.18,2
Kakamega,2024/04,0.2,-0.1,0.14,0.38,2
Kakamega,2024/05,0.44,0.07,0.13,0.31,1
Kakamega,2024/06,-0.18,0.43,0.01,0.16,1
Kakamega,2024/07,-0.27,-0.28,0.01,0.22,2
Kakamega,2024/08,-0.16,0.32,0.01,-0.01,1
Kakamega,2024/09,0.04,0.39,0.05,0.18,1
Kakamega,2024/10,0.39,0.22,0.03,-0.19,0
Kakamega,2024/11,0.37,-0.38,0.13,0.12,2
Kakamega,2024/12,0.44,0.4,0.15,0.01,0
Kericho,2023/01,0.27,0,0.07,0.18,1
Kericho,2023/02,0.37,0.58,0.12,0.05,0
Kericho,2023/03,-0.08,0.34,0.04,-0.13,1
Kericho,2023/04,-0.15,-0.11,0.04,-0.06,2
Kericho,2023/05,-0.46,-0.38,0.15,0.06,2
Kericho,2023/06,-0.12,0.28,0.03,0.37,2
Kericho,2023/07,0.29,-0.31,0.06,0.33,2
Kericho,2023/08,0.44,0.07,0.09,-0.1,0
Kericho,2023/09,0.49,-0.17,0.14,0.19,2
Kericho,2023/10,0.11,0.11,0.03,-0.09,1
Kericho,2023/11,-0.28,-0.21,0.12,0.01,2
Kericho,2023/12,-0.44,0.57,0.13,0.36,2
Kericho,2024/01,0.49,-0.23,0.06,0.25,2
Kericho,2024/02,0.2,-0.25,0.12,-0.07,2
Kericho,2024/03,-0.28,0.14,0.09,0.15,2
Kericho,2024/04,-0.41,0.48,0.04,-0.12,1
Kericho,2024/05,0.39,0.56,0.13,0.29,0
Kericho,2024/06,0.16,0.15,0.01,0.05,1
Kericho,2024/07,-0.13,-0.14,0.11,0.1,2
Kericho,2024/08,-0.42,-0.18,0.1,-0.15,2
Kericho,2024/09,0.35,0.1,0.07,0.16,1
Kericho,2024/10,0.32,-0.05,0.1,0.14,1
Kericho,2024/11,-0.23,0.48,0.12,0.2,2
Kericho,2024/12,0.35,0.47,0.11,0.3,1
Kiambu,2023/01,0.2,0.28,0.09,0.25,1
Kiambu,2023/02,-0.34,0.48,0.13,-0.18,1
Kiambu,2023/03,0.33,-0.27,0.05,0.25,2
Kiambu,2023/04,-0.34,0.42,0.12,0.1,2
Kiambu,2023/05,-0.49,-0.11,0.09,0.39,2
Kiambu,2023/06,0.13,-0.14,0.1,0.12,2
Kiambu,2023/07,0.28,-0.29,0.11,0.12,2
Kiambu,2023/08,0.46,-0.06,0.09,0.36,2
Kiambu,2023/09,-0.4,0.54,0.1,-0.16,1
Kiambu,2023/10,-0.2,0.31,0.01,0.15,2
Kiambu,2023/11,-0.15,0.22,0.01,0.32,2
Kiambu,2023/12,0.47,0.57,0.11,-0.12,0
Kiambu,2024/01,0.26,-0.38,0,-0.01,2
Kiambu,2024/02,-0.01,0.37,0.1,0.07,1
Kiambu,2024/03,-0.23,0.6,0.06,0.07,1
Kiambu,2024/04,-0.34,0.39,0.1,-0.07,1
Kiambu,2024/05,-0.42,0.28,0.1,-0.04,2
Kiambu,2024/06,0.45,-0.25,0.06,0.37,2
Kiambu,2024/07,-0.08,0.24,0.06,-0.04,1
Kiambu,2024/08,0.48,0.01,0.13,-0.06,1
Kiambu,2024/09,-0.29,-0.37,0.1,0.02,2
Kiambu,2024/10,0.36,0.07,0.15,-0.09,1
Kiambu,2024/11,0.37,0.38,0.12,0.31,1
Kiambu,2024/12,0.26,0.23,0.02,-0.18,0
Kilifi,2023/01,0.42,0.22,0.12,0.09,1
Kilifi,2023/02,-0.38,-0.27,0.1,0.06,2
Kilifi,2023/03,-0.3,0.09,0.01,0.15,2
Kilifi,2023/04,-0.23,0.4,0.05,0.07,1
Kilifi,2023/05,-0.49,-0.33,0.06,0.09,2
Kilifi,2023/06,0.1,-0.11,0.1,0.32,2
Kilifi,2023/07,0.28,-0.36,0.07,-0.14,2
Kilifi,2023/08,-0.26,0.59,0.02,0.1,1
Kilifi,2023/09,0.12,0.3,0.08,-0.19,0
Kilifi,2023/10,-0.17,0.12,0.01,0.01,2
Kilifi,2023/11,-0.47,-0.32,0.06,-0.12,2
Kilifi,2023/12,0.07,0.29,0.12,-0.08,1
Kilifi,2024/01,-0.33,-0.3,0.1,0.22,2
Kilifi,2024/02,-0.47,0.54,0.01,0.12,2
Kilifi,2024/03,0.21,0.47,0.11,0.28,1
Kilifi,2024/04,-0.16,0.41,0.01,0.34,2
Kilifi,2024/05,0.05,0.42,0.07,0.19,1
Kilifi,2024/06,0.03,0.33,0.01,-0.16,0
Kilifi,2024/07,-0.25,-0.24,0.13,-0.07,2
Kilifi,2024/08,0.48,-0.06,0.03,0.27,1
Kilifi,2024/09,0.16,0.1,0.08,0.23,2
Kilifi,2024/10,-0.27,0.6,0.15,0.19,2
Kilifi,2024/11,-0.3,0.28,0.01,-0.18,1
Kilifi,2024/12,-0.24,0.06,0.13,0.24,2
Kirinyaga,2023/01,0.24,0.03,0.05,0.02,1
Kirinyaga,2023/02,0.49,-0.36,0.13,0.15,2
Kirinyaga,2023/03,-0.06,0.33,0.07,0.32,2
Kirinyaga,2023/04,0.4,0.02,0.04,0.16,1
Kirinyaga,2023/05,0.41,-0.19,0.09,0.18,2
Kirinyaga,2023/06,0.23,-0.27,0.11,0.35,2
Kirinyaga,2023/07,-0.32,-0.16,0.15,-0.09,2
Kirinyaga,2023/08,0.35,0.09,0.04,0.32,1
Kirinyaga,2023/09,-0.05,0.11,0.05,0.16,2
Kirinyaga,2023/10,-0.34,-0.01,0.15,-0.05,2
Kirinyaga,2023/11,0.16,-0.07,0.12,-0.12,1
Kirinyaga,2023/12,0.47,0.05,0.04,-0.16,0
Kirinyaga,2024/01,-0.33,0.12,0.05,0.3,2
Kirinyaga,2024/02,-0.07,-0.15,0.09,0.22,2
Kirinyaga,2024/03,-0.33,-0.23,0.01,0.24,2
Kirinyaga,2024/04,0.16,0.07,0.13,0.28,2
Kirinyaga,2024/05,0.09,0.47,0.03,-0.13,0
Kirinyaga,2024/06,-0.23,-0.34,0.08,0.36,2
Kirinyaga,2024/07,-0.46,-0.28,0.07,0.36,2
Kirinyaga,2024/08,-0.18,0.11,0.01,-0.11,1
Kirinyaga,2024/09,0.49,0.57,0,0.37,0
Kirinyaga,2024/10,0.14,0.47,0.07,0.11,1
Kirinyaga,2024/11,-0.01,0.27,0.02,-0.18,1
Kirinyaga,2024/12,-0.19,0.3,0.03,0.2,2
Kisii,2023/01,0.47,-0.31,0.1,0.07,2
Kisii,2023/02,0.37,-0.22,0.1,0.3,2
Kisii,2023/03,0.44,0.28,0.07,0.17,1
Kisii,2023/04,0.37,0.17,0,0.36,1
Kisii,2023/05,0.19,0.28,0.03,0.2,1
Kisii,2023/06,-0.11,0.25,0.02,0.19,2
Kisii,2023/07,0.5,-0.35,0.15,0.04,2
Kisii,2023/08,0.37,0.38,0.09,0.24,1
Kisii,2023/09,0.38,0,0.05,0.2,1
Kisii,2023/10,0.31,0.36,0.12,0.06,1
Kisii,2023/11,0.32,-0.28,0.08,-0.2,1
Kisii,2023/12,-0.18,-0.03,0.06,0.22,2
Kisii,2024/01,-0.11,0.05,0.04,0.02,2
Kisii,2024/02,-0.27,-0.33,0.09,0.2,2
Kisii,2024/03,0.12,0.06,0.06,0.32,2
Kisii,2024/04,0.02,0.08,0,0,1
Kisii,2024/05,-0.12,0,0.09,0.12,2
Kisii,2024/06,0.11,0.36,0.12,0.23,1
Kisii,2024/07,0.46,-0.38,0.03,-0.2,1
Kisii,2024/08,0.15,0.5,0.04,0.36,1
Kisii,2024/09,-0.44,0.53,0.05,-0.14,1
Kisii,2024/10,-0.01,-0.14,0.04,-0.02,2
Kisii,2024/11,0.3,0.14,0.05,0.17,1
Kisii,2024/12,0.22,-0.13,0.06,-0.13,1
Kisumu,2023/01,-0.32,0.28,0.03,0.12,2
Kisumu,2023/02,0.21,-0.29,0.09,-0.05,2
Kisumu,2023/03,0.46,0.08,0.12,0.13,1
Kisumu,2023/04,-0.46,0.23,0.14,0.16,2
Kisumu,2023/05,0.32,0.48,0.03,-0.07,0
Kisumu,2023/06,0.11,0.01,0.13,0.34,2
Kisumu,2023/07,-0.15,-0.16,0.12,-0.04,2
Kisumu,2023/08,0.32,0.02,0.1,-0.14,1
Kisumu,2023/09,0.12,0.05,0.09,-0.1,1
Kisumu,2023/10,0.24,0.46,0.03,-0.14,0
Kisumu,2023/11,-0.48,0.24,0.09,0.13,2
Kisumu,2023/12,-0.27,-0.01,0.09,0.1,2
Kisumu,2024/01,0.49,-0.26,0.1,0.04,1
Kisumu,2024/02,-0.07,0.32,0.1,0.39,2
Kisumu,2024/03,-0.37,-0.3,0.11,0.15,2
Kisumu,2024/04,-0.23,-0.32,0.01,0.34,2
Kisumu,2024/05,-0.31,-0.08,0.03,0.01,2
Kisumu,2024/06,-0.43,0.12,0.01,0.28,2
Kisumu,2024/07,-0.27,0.14,0.13,0.19,2
Kisumu,2024/08,0.03,-0.08,0.05,0.2,2
Kisumu,2024/09,0.49,0.26,0.08,0.24,1
Kisumu,2024/10,-0.03,-0.34,0.08,0.37,2
Kisumu,2024/11,-0.32,0.29,0.03,0.12,2
Kisumu,2024/12,-0.4,0.05,0.11,0.01,2
Kitui,2023/01,0.16,0.4,0.14,-0.06,1
Kitui,2023/02,-0.1,-0.25,0.15,0.36,2
Kitui,2023/03,0.04,0.44,0.08,0.17,1
Kitui,2023/04,-0.41,0.36,0.02,0.3,2
Kitui,2023/05,0.28,0.31,0.01,-0.02,0
Kitui,2023/06,-0.24,-0.04,0.01,0.36,2
Kitui,2023/07,0.05,-0.09,0.06,0.07,2
Kitui,2023/08,0.1,0.12,0.14,0.1,2
Kitui,2023/09,0.49,0.45,0.03,0.36,0
Kitui,2023/10,-0.38,0.42,0.06,0.33,2
Kitui,2023/11,0.37,0.41,0.12,-0.02,0
Kitui,2023/12,-0.42,0,0.03,0.22,2
Kitui,2024/01,-0.15,0.58,0.1,0.29,1
Kitui,2024/02,-0.37,0.46,0.14,0.09,2
Kitui,2024/03,0.11,0.36,0.03,0.1,1
Kitui,2024/04,-0.1,-0.25,0.06,-0.16,2
Kitui,2024/05,-0.47,-0.26,0.14,0.13,2
Kitui,2024/06,0.47,0.03,0.05,0.1,1
Kitui,2024/07,-0.06,-0.29,0.1,-0.07,2
Kitui,2024/08,0.12,0.25,0.02,-0.16,0
Kitui,2024/09,0.28,0.06,0.01,0.4,2
Kitui,2024/10,-0.44,0.3,0.15,-0.06,2
Kitui,2024/11,-0.36,-0.28,0.05,-0.14,2
Kitui,2024/12,0.19,-0.34,0.08,0.4,2
Kwale,2023/01,0.31,0.22,0.05,0.17,1
Kwale,2023/02,0.03,0.03,0.02,0.33,2
Kwale,2023/03,-0.05,-0.21,0.06,0.05,2
Kwale,2023/04,0.33,0.33,0.12,-0.19,0
Kwale,2023/05,-0.08,0.08,0,-0.04,1
Kwale,2023/06,0.26,-0.26,0.08,-0.07,2
Kwale,2023/07,-0.49,-0.16,0.15,0.28,2
Kwale,2023/08,0.46,0.09,0.02,0.13,1
Kwale,2023/09,-0.05,0.44,0.01,0.09,1
Kwale,2023/10,-0.35,-0.08,0.11,0.09,2
Kwale,2023/11,-0.12,-0.01,0.07,0.27,2
Kwale,2023/12,0.39,0.56,0.12,-0.01,0
Kwale,2024/01,0.19,0.04,0.04,0.3,2
Kwale,2024/02,-0.46,0.5,0.07,0.18,2
Kwale,2024/03,0.16,0.5,0.1,0.17,1
Kwale,2024/04,-0.43,0.12,0.02,0.24,2
Kwale,2024/05,0.01,0.28,0.01,-0.15,1
Kwale,2024/06,0.22,-0.33,0.01,-0.19,1
Kwale,2024/07,0.46,0.34,0.05,-0.02,0
Kwale,2024/08,-0.15,0.37,0.1,-0.09,1
Kwale,2024/09,-0.33,-0.3,0.1,0.26,2
Kwale,2024/10,-0.23,-0.38,0.01,0.38,2
Kwale,2024/11,-0.2,0.37,0.09,0.03,1
Kwale,2024/12,-0.29,-0.28,0.09,0.26,2
Laikipia,2023/01,0.14,0.13,0.01,0.38,2
Laikipia,2023/02,0.3,-0.11,0.15,0.16,2
Laikipia,2023/03,0.08,0.35,0.12,0.19,1
Laikipia,2023/04,-0.37,-0.06,0.14,-0.07,2
Laikipia,2023/05,-0.13,0.03,0.07,0.17,2
Laikipia,2023/06,0.44,-0.16,0.02,-0.08,1
Laikipia,2023/07,0.39,0.25,0.04,0.29,1
Laikipia,2023/08,0.36,0.45,0.14,-0.05,0
Laikipia,2023/09,0.26,0.06,0.13,0.24,2
Laikipia,2023/10,0.28,0.26,0.03,0.13,1
Laikipia,2023/11,0.48,0.54,0.01,-0.1,0
Laikipia,2023/12,-0.37,0.33,0.12,-0.07,2
Laikipia,2024/01,0.01,0.44,0.11,0.13,1
Laikipia,2024/02,0.09,0.11,0.04,0.14,1
Laikipia,2024/03,0.19,0.47,0.1,0.26,1
Laikipia,2024/04,-0.34,0.06,0,-0.05,2
Laikipia,2024/05,0.23,0.59,0.01,0.04,0
Laikipia,2024/06,0.3,-0.2,0.08,0.24,2
Laikipia,2024/07,0.12,-0.21,0.05,0.27,2
Laikipia,2024/08,0.05,-0.39,0.11,-0.18,2
Laikipia,2024/09,0.25,-0.2,0.14,0.02,2
Laikipia,2024/10,-0.17,-0.25,0.05,0.33,2
Laikipia,2024/11,0.5,-0.03,0.07,0.23,1
Laikipia,2024/12,0.39,0.19,0.06,0.05,1
Lamu,2023/01,0.2,-0.4,0.09,0.01,2
Lamu,2023/02,0.29,-0.31,0.09,0.09,2
Lamu,2023/03,0.14,-0.34,0.09,0.14,2
Lamu,2023/04,0.06,0.2,0.1,0.28,2
Lamu,2023/05,-0.23,0.43,0.07,-0.15,1
Lamu,2023/06,-0.44,-0.07,0.12,0.22,2
Lamu,2023/07,0.29,0.12,0.07,-0.11,1
Lamu,2023/08,-0.17,0.03,0.01,-0.07,2
Lamu,2023/09,0.1,0.34,0.15,0.36,2
Lamu,2023/10,0.14,0.02,0.1,0.27,2
Lamu,2023/11,-0.38,0.01,0.13,0.03,2
Lamu,2023/12,0.07,0.19,0.03,0.02,1
Lamu,2024/01,-0.17,-0.37,0,0.3,2
Lamu,2024/02,-0.23,0.12,0.04,0.36,2
Lamu,2024/03,-0.24,0.03,0.13,0.31,2
Lamu,2024/04,-0.31,0.4,0.07,0.09,2
Lamu,2024/05,-0.37,-0.32,0.11,0.1,2
Lamu,2024/06,-0.06,0.33,0.11,-0.1,1
Lamu,2024/07,0.11,-0.26,0.11,0.19,2
Lamu,2024/08,0.46,-0.33,0.01,-0.03,1
Lamu,2024/09,-0.24,-0.15,0.14,-0.05,2
Lamu,2024/10,-0.23,0.36,0.07,0.27,2
Lamu,2024/11,-0.43,0.09,0.01,-0.16,2
Lamu,2024/12,0.41,-0.26,0.08,0.05,1
Machakos,2023/01,-0.15,0.5,0,0.2,1
Machakos,2023/02,0.46,0.16,0.14,-0.17,0
Machakos,2023/03,-0.08,-0.14,0.11,0.39,2
Machakos,2023/04,-0.24,0.25,0.03,0.14,2
Machakos,2023/05,-0.04,0.57,0.09,0.01,1
Machakos,2023/06,-0.39,-0.25,0.03,-0.05,2
Machakos,2023/07,0.35,0.16,0.08,-0.13,0
Machakos,2023/08,0.36,0.32,0.01,0.22,1
Machakos,2023/09,0.04,-0.32,0.07,0.09,2
Machakos,2023/10,-0.33,0.55,0.13,0.2,2
Machakos,2023/11,-0.04,0.01,0.1,0.13,2
Machakos,2023/12,-0.44,0.11,0.12,0.08,2
Machakos,2024/01,-0.45,0.39,0.03,-0.04,2
Machakos,2024/02,-0.34,-0.07,0.11,0.11,2
Machakos,2024/03,-0.3,0.48,0.13,0.32,2
Machakos,2024/04,-0.26,0.05,0.15,0.26,2
Machakos,2024/05,-0.47,-0.33,0.07,0.35,2
Machakos,2024/06,0.04,0.1,0.02,0.19,2
Machakos,2024/07,0.32,-0.02,0.12,0.38,2
Machakos,2024/08,-0.3,0.12,0.04,0.28,2
Machakos,2024/09,0.08,0.23,0.12,0.04,1
Machakos,2024/10,0.42,0.13,0.02,0.22,1
Machakos,2024/11,0.29,-0.08,0.13,0.34,2
Machakos,2024/12,-0.22,0.58,0.02,-0.08,1
Makueni,2023/01,-0.32,0.49,0.1,-0.11,1
Makueni,2023/02,-0.06,0.22,0.01,0.33,2
Makueni,2023/03,0.3,0.11,0.15,0.05,1
Makueni,2023/04,0.48,0.27,0.1,-0.1,0
Makueni,2023/05,0.38,0.03,0.02,-0.19,0
Makueni,2023/06,0.06,0.13,0.11,0.33,2
Makueni,2023/07,-0.42,0.33,0.03,0.31,2
Makueni,2023/08,0.32,0.14,0.11,-0.01,1
Makueni,2023/09,-0.03,0.42,0.07,0.01,1
Makueni,2023/10,-0.01,0.43,0.05,-0.1,1
Makueni,2023/11,0.21,0.43,0.02,-0.06,0
Makueni,2023/12,-0.36,-0.05,0.07,0.25,2
Makueni,2024/01,0.15,0.22,0.05,0.3,1
Makueni,2024/02,-0.03,0.58,0.1,-0.12,0
Makueni,2024/03,0.18,-0.07,0.1,-0.16,1
Makueni,2024/04,-0.33,0.46,0.03,0.3,2
Makueni,2024/05,-0.22,0.24,0.1,0.11,2
Makueni,2024/06,-0.19,-0.19,0,-0.02,2
Makueni,2024/07,0.15,0.54,0.13,0.26,1
Makueni,2024/08,0.29,0.26,0.04,0.34,1
Makueni,2024/09,0.17,0.16,0.02,0.07,1
Makueni,2024/10,-0.04,0.46,0.08,0.03,1
Makueni,2024/11,0.48,-0.29,0.06,-0.17,1
Makueni,2024/12,0.24,0.52,0.04,0.32,1
Mandera,2023/01,-0.21,0.51,0.11,0.28,2
Mandera,2023/02,-0.48,0.56,0.11,-0.02,2
Mandera,2023/03,0.33,-0.12,0.13,-0.13,1
Mandera,2023/04,0.2,0.14,0.01,-0.05,1
Mandera,2023/05,-0.49,0.07,0.05,0.16,2
Mandera,2023/06,-0.2,-0.1,0.11,-0.17,2
Mandera,2023/07,0.4,0.45,0.1,0.16,0
Mandera,2023/08,0.39,-0.21,0.01,-0.06,1
Mandera,2023/09,0.29,-0.37,0.09,0.4,2
Mandera,2023/10,0.36,0.12,0.01,0.3,1
Mandera,2023/11,0.1,-0.29,0.01,0.35,2
Mandera,2023/12,0.17,0.43,0.13,0.14,1
Mandera,2024/01,0.02,0.03,0.05,0.06,2
Mandera,2024/02,0.27,0.2,0.13,0.07,1
Mandera,2024/03,0.11,0.23,0.09,0.22,1
Mandera,2024/04,-0.26,0.11,0.02,0.03,2
Mandera,2024/05,-0.01,0.25,0.14,0.16,2
Mandera,2024/06,0.24,0.11,0.1,-0.16,1
Mandera,2024/07,-0.25,-0.04,0.07,-0.17,2
Mandera,2024/08,-0.36,-0.12,0.15,0,2
Mandera,2024/09,-0.02,-0.2,0.09,-0.03,2
Mandera,2024/10,-0.29,0.12,0,-0.2,1
Mandera,2024/11,-0.28,-0.36,0.02,0,2
Mandera,2024/12,0.3,0.17,0.08,-0.02,1
Marsabit,2023/01,0.43,0,0.01,0.17,1
Marsabit,2023/02,-0.39,-0.05,0.08,0.32,2
Marsabit,2023/03,-0.01,0.3,0.15,-0.12,1
Marsabit,2023/04,-0.23,-0.01,0.06,0.05,2
Marsabit,2023/05,0.41,0.31,0.09,-0.01,0
Marsabit,2023/06,0.32,0.56,0.12,-0.2,0
Marsabit,2023/07,0.14,-0.35,0.04,-0.16,2
Marsabit,2023/08,0.1,0.29,0.02,0.03,1
Marsabit,2023/09,-0.04,-0.03,0.02,0.05,2
Marsabit,2023/10,0.25,-0.33,0.01,0.01,2
Marsabit,2023/11,0.44,0.27,0.1,0.02,0
Marsabit,2023/12,0.09,-0.39,0.1,0.35,2
Marsabit,2024/01,0.11,0.47,0.11,-0.13,0
Marsabit,2024/02,0.4,-0.33,0.08,-0.11,1
Marsabit,2024/03,-0.49,0.02,0.04,0.09,2
Marsabit,2024/04,0.08,-0.36,0.02,0.14,2
Marsabit,2024/05,-0.16,0.33,0.1,0.31,2
Marsabit,2024/06,0.19,0.03,0.1,-0.03,1
Marsabit,2024/07,-0.19,0.39,0.07,0.28,2
Marsabit,2024/08,0.32,0.46,0.14,0.06,0
Marsabit,2024/09,-0.18,0.18,0.06,0.16,2
Marsabit,2024/10,0.21,0.29,0.06,-0.1,0
Marsabit,2024/11,-0.07,-0.26,0.13,0.01,2
Marsabit,2024/12,-0.35,-0.37,0.1,0.18,2
Meru,2023/01,-0.16,-0.33,0.06,-0.01,2
Meru,2023/02,0.18,0.21,0.05,-0.07,1
Meru,2023/03,0.49,0.05,0.1,-0.12,0
Meru,2023/04,-0.01,-0.37,0.08,0.38,2
Meru,2023/05,-0.12,-0.36,0,0.03,2
Meru,2023/06,-0.34,-0.38,0.11,0.08,2
Meru,2023/07,-0.21,0.5,0.02,0.37,2
Meru,2023/08,-0.19,0.49,0.09,0.3,2
Meru,2023/09,0.48,-0.11,0.14,0.03,1
Meru,2023/10,-0.11,-0.06,0.08,-0.11,2
Meru,2023/11,0.05,0.14,0.11,0.3,2
Meru,2023/12,-0.06,-0.1,0.04,-0.08,2
Meru,2024/01,-0.44,-0.06,0.04,0.38,2
Meru,2024/02,0.06,-0.05,0.09,-0.12,1
Meru,2024/03,-0.06,0.23,0.07,0.04,1
Meru,2024/04,0.49,0.48,0.09,0.14,0
Meru,2024/05,0.12,-0.2,0.06,-0.18,1
Meru,2024/06,-0.02,0.14,0.03,0.38,2
Meru,2024/07,0.41,0.32,0.08,0.32,1
Meru,2024/08,-0.37,0.39,0.02,0.28,2
Meru,2024/09,-0.22,0.48,0.14,-0.11,1
Meru,2024/10,-0.04,0.58,0.07,0.32,1
Meru,2024/11,0.09,-0.02,0.04,-0.08,1
Meru,2024/12,0.26,-0.01,0.08,0.1,1
Migori,2023/01,0.08,0.47,0.15,0.04,1
Migori,2023/02,0.33,0.36,0.09,0.37,1
Migori,2023/03,-0.3,-0.29,0.13,0.06,2
Migori,2023/04,0.35,0.49,0.01,0.33,0
Migori,2023/05,-0.05,0.11,0.09,0.36,2
Migori,2023/06,-0.48,0.08,0.1,0.23,2
Migori,2023/07,0.19,-0.27,0.04,0.02,2
Migori,2023/08,0.3,-0.12,0.03,0.37,2
Migori,2023/09,-0.49,0.6,0.1,0.3,2
Migori,2023/10,-0.21,-0.39,0.11,0.3,2
Migori,2023/11,0.24,-0.26,0.11,0.26,2
Migori,2023/12,0.16,0.37,0.13,0.17,1
Migori,2024/01,-0.41,0.09,0.01,0.04,2
Migori,2024/02,-0.09,-0.33,0.05,-0.13,2
Migori,2024/03,0.31,0.55,0.01,0.37,1
Migori,2024/04,0.02,-0.1,0.01,0.1,2
Migori,2024/05,0.29,0.31,0.01,-0.16,0
Migori,2024/06,-0.1,-0.1,0.03,-0.03,2
Migori,2024/07,0.3,0.53,0.06,0.34,1
Migori,2024/08,-0.18,0.08,0.03,0.18,2
Migori,2024/09,0.48,0.2,0.05,0.19,1
Migori,2024/10,-0.38,0.49,0.08,0.07,2
Migori,2024/11,0.09,0.22,0.01,0.21,1
Migori,2024/12,-0.26,0.31,0.12,0.28,2
Mombasa,2023/01,0.05,0.12,0.02,0.27,2
Mombasa,2023/02,-0.23,0.1,0.04,-0.12,2
Mombasa,2023/03,0.13,-0.35,0.11,-0.01,2
Mombasa,2023/04,-0.5,0.11,0.01,-0.03,2
Mombasa,2023/05,0.21,-0.34,0.13,-0.2,2
Mombasa,2023/06,-0.25,0.34,0.05,-0.14,1
Mombasa,2023/07,-0.14,-0.13,0.13,-0.01,2
Mombasa,2023/08,0.29,0.49,0.07,0.35,1
Mombasa,2023/09,-0.12,0.56,0.01,0.21,1
Mombasa,2023/10,-0.01,-0.01,0.09,0.22,2
Mombasa,2023/11,-0.5,-0.23,0.11,0.2,2
Mombasa,2023/12,0.47,0.36,0.14,0.22,1
Mombasa,2024/01,-0.2,-0.29,0.12,0.19,2
Mombasa,2024/02,-0.45,-0.04,0.14,0.1,2
Mombasa,2024/03,-0.07,0.06,0.03,0.02,2
Mombasa,2024/04,-0.13,-0.35,0.12,0.05,2
Mombasa,2024/05,0.32,0.45,0.03,0.19,0
Mombasa,2024/06,-0.03,0.48,0.03,0.21,1
Mombasa,2024/07,0.11,-0.1,0.02,0.19,2
Mombasa,2024/08,0.24,-0.08,0.1,0.04,1
Mombasa,2024/09,0.21,-0.2,0.13,-0.03,2
Mombasa,2024/10,-0.13,-0.34,0.02,0.11,2
Mombasa,2024/11,-0.23,0.44,0,0.03,1
Mombasa,2024/12,-0.16,-0.38,0.02,0.05,2
Murang'a,2023/01,-0.01,0,0.08,0.16,2
Murang'a,2023/02,-0.49,0.06,0.14,0.11,2
Murang'a,2023/03,0.18,-0.09,0.12,0.26,2
Murang'a,2023/04,0.02,0.58,0.02,-0.19,0
Murang'a,2023/05,0.27,0.41,0.02,-0.04,0
Murang'a,2023/06,-0.48,-0.11,0.12,0.11,2
Murang'a,2023/07,-0.15,-0.03,0,-0.02,2
Murang'a,2023/08,0.15,0.57,0.13,-0.19,0
Murang'a,2023/09,0.4,0.38,0.12,0.07,0
Murang'a,2023/10,-0.1,-0.1,0.01,-0.06,2
Murang'a,2023/11,-0.25,0.08,0.11,0.08,2
Murang'a,2023/12,-0.44,0.56,0.14,0.27,2
Murang'a,2024/01,0.49,0.14,0.14,-0.15,0
Murang'a,2024/02,-0.13,-0.17,0.03,-0.12,2
Murang'a,2024/03,0.12,0.38,0.09,-0.11,0
Murang'a,2024/04,0.31,0.24,0.06,0.2,1
Murang'a,2024/05,-0.24,-0.05,0.14,-0.03,2
Murang'a,2024/06,-0.03,0.49,0.11,-0.16,0
Murang'a,2024/07,-0.35,-0.39,0.09,0.07,2
Murang'a,2024/08,-0.37,0.56,0.08,-0.05,1
Murang'a,2024/09,0,0.28,0.01,-0.04,1
Murang'a,2024/10,0.31,0.06,0.08,0.06,1
Murang'a,2024/11,-0.46,-0.23,0.07,-0.07,2
Murang'a,2024/12,-0.45,0.44,0.15,0.28,2
Nairobi,2023/01,0.35,-0.16,0.14,-0.08,1
Nairobi,2023/02,0.45,0.59,0.11,0.39,0
Nairobi,2023/03,0.07,-0.14,0.07,0.16,2
Nairobi,2023/04,-0.43,0.22,0.15,-0.09,2
Nairobi,2023/05,0.29,0.51,0.14,0.38,1
Nairobi,2023/06,0.02,0.58,0.11,-0.1,0
Nairobi,2023/07,-0.02,0.32,0.04,0.18,1
Nairobi,2023/08,0.17,-0.24,0.08,0.26,2
Nairobi,2023/09,0,-0.39,0,0.01,2
Nairobi,2023/10,0.43,-0.17,0.1,-0.07,1
Nairobi,2023/11,-0.18,0.45,0.11,-0.14,1
Nairobi,2023/12,-0.07,-0.37,0.07,0.2,2
Nairobi,2024/01,-0.38,-0.11,0.06,0.35,2
Nairobi,2024/02,0.49,-0.36,0.11,0.02,1
Nairobi,2024/03,-0.11,0.35,0.14,0.37,2
Nairobi,2024/04,0.08,-0.04,0.12,-0.05,2
Nairobi,2024/05,0.06,-0.04,0.1,-0.06,2
Nairobi,2024/06,-0.31,0.52,0.02,0.1,1
Nairobi,2024/07,-0.28,-0.36,0.01,-0.09,2
Nairobi,2024/08,0.37,-0.12,0.14,0.15,2
Nairobi,2024/09,-0.06,0.18,0.08,0.26,2
Nairobi,2024/10,-0.22,-0.05,0.13,0.37,2
Nairobi,2024/11,0.39,0.02,0.12,0.09,1
Nairobi,2024/12,0,-0.2,0.09,-0.09,2
Nakuru,2023/01,-0.17,0.46,0.03,-0.16,1
Nakuru,2023/02,-0.43,0.54,0.08,0.05,2
Nakuru,2023/03,0.31,0.44,0.05,0.22,1
Nakuru,2023/04,0.27,0.25,0.02,0.33,1
Nakuru,2023/05,0.04,-0.12,0.06,-0.18,1
Nakuru,2023/06,-0.37,0.37,0,0.05,2
Nakuru,2023/07,0.02,-0.35,0.15,-0.06,2
Nakuru,2023/08,-0.2,-0.1,0.03,-0.2,2
Nakuru,2023/09,0.23,0.57,0.03,0.2,0
Nakuru,2023/10,0.24,0.45,0.06,-0.02,0
Nakuru,2023/11,-0.17,0.31,0.12,-0.09,1
Nakuru,2023/12,-0.13,0.5,0.12,0.39,2
Nakuru,2024/01,0.25,-0.01,0.09,0.2,2
Nakuru,2024/02,-0.42,0.14,0.11,-0.1,2
Nakuru,2024/03,0.28,0.18,0.14,-0.17,1
Nakuru,2024/04,-0.23,0.2,0.04,0.23,2
Nakuru,2024/05,0.26,-0.3,0.08,0.11,2
Nakuru,2024/06,-0.13,0.53,0.12,0.22,1
Nakuru,2024/07,0.21,0.06,0.14,0.22,2
Nakuru,2024/08,0.23,0.46,0.04,0.28,1
Nakuru,2024/09,-0.3,-0.05,0.05,0.39,2
Nakuru,2024/10,0.36,0.3,0.11,0.14,1
Nakuru,2024/11,0.45,0.1,0.06,-0.1,0
Nakuru,2024/12,0.29,0.33,0.06,-0.18,0
Nandi,2023/01,0.34,-0.39,0.11,0.38,2
Nandi,2023/02,-0.06,-0.17,0.11,0.29,2
Nandi,2023/03,0.05,0.57,0.01,0.1,0
Nandi,2023/04,0.22,0.46,0.03,0.28,1
Nandi,2023/05,0.05,0,0.02,0.32,2
Nandi,2023/06,-0.34,-0.09,0.04,0.32,2
Nandi,2023/07,0.17,0.4,0.04,0.17,1
Nandi,2023/08,0.07,0.43,0.14,-0.19,0
Nandi,2023/09,0.17,-0.35,0.08,-0.03,2
Nandi,2023/10,-0.19,-0.05,0.09,0,2
Nandi,2023/11,0.23,0,0.01,0.27,2
Nandi,2023/12,-0.21,0.03,0.1,0,2
Nandi,2024/01,-0.44,-0.03,0.14,0.19,2
Nandi,2024/02,0.17,0.23,0.03,0.05,1
Nandi,2024/03,0.25,-0.3,0.04,-0.03,2
Nandi,2024/04,-0.07,0.58,0.01,0.11,1
Nandi,2024/05,-0.32,0.57,0.02,0.04,1
Nandi,2024/06,0.24,0.3,0.06,0.01,1
Nandi,2024/07,-0.1,-0.14,0.03,0.09,2
Nandi,2024/08,-0.23,-0.11,0.1,0.38,2
Nandi,2024/09,0.1,-0.32,0.01,0.37,2
Nandi,2024/10,-0.2,-0.31,0.09,0.17,2
Nandi,2024/11,0.15,-0.13,0,0.38,2
Nandi,2024/12,-0.25,0.28,0.11,0.17,2
Narok,2023/01,-0.19,-0.13,0.09,0.32,2
Narok,2023/02,0.45,-0.29,0.02,0.37,2
Narok,2023/03,0.24,0.48,0.03,0.15,0
Narok,2023/04,0.2,0.28,0.06,-0.19,0
Narok,2023/05,0.08,-0.15,0.07,0.37,2
Narok,2023/06,-0.1,0.44,0.03,0.2,1
Narok,2023/07,0.48,-0.3,0,0.06,1
Narok,2023/08,-0.41,0.35,0.14,0.06,2
Narok,2023/09,-0.24,0.03,0.11,-0.19,2
Narok,2023/10,0.09,0.21,0.1,-0.05,1
Narok,2023/11,0.21,-0.31,0.03,0.33,2
Narok,2023/12,0.24,-0.39,0.04,-0.07,2
Narok,2024/01,-0.23,-0.15,0.01,0.08,2
Narok,2024/02,0.23,0.21,0.1,-0.15,1
Narok,2024/03,0.45,0.44,0.12,0.29,1
Narok,2024/04,0.43,0.14,0.03,0.17,1
Narok,2024/05,0.24,0.34,0.08,-0.16,0
Narok,2024/06,-0.13,0.52,0.09,0.12,1
Narok,2024/07,-0.23,-0.03,0.13,0.2,2
Narok,2024/08,0.29,0.05,0.09,-0.05,1
Narok,2024/09,0.21,0.03,0.07,0.19,2
Narok,2024/10,0.44,-0.34,0.12,-0.02,1
Narok,2024/11,-0.06,-0.38,0.05,0.1,2
Narok,2024/12,-0.44,0.09,0.14,-0.14,2
Nyamira,2023/01,0.26,0.01,0.1,-0.04,1
Nyamira,2023/02,-0.34,-0.24,0.01,-0.09,2
Nyamira,2023/03,0.16,0.48,0.12,0.21,1
Nyamira,2023/04,-0.39,-0.11,0.05,-0.05,2
Nyamira,2023/05,0.02,0.14,0.05,0.01,1
Nyamira,2023/06,0.33,0.39,0.05,0.35,1
Nyamira,2023/07,0.45,-0.07,0.05,0.1,1
Nyamira,2023/08,0.44,0.48,0.02,0.04,0
Nyamira,2023/09,0.05,0.1,0.03,0.32,2
Nyamira,2023/10,0.18,0.44,0.13,0.25,1
Nyamira,2023/11,-0.06,0.21,0.02,0.2,2
Nyamira,2023/12,-0.32,0.29,0.03,-0.13,1
Nyamira,2024/01,-0.33,-0.4,0.11,0.24,2
Nyamira,2024/02,0.01,-0.24,0.01,-0.19,2
Nyamira,2024/03,-0.33,0.49,0.04,0.01,1
Nyamira,2024/04,-0.39,-0.18,0.08,0.16,2
Nyamira,2024/05,-0.25,-0.34,0.06,-0.06,2
Nyamira,2024/06,-0.28,0.56,0.09,0.13,1
Nyamira,2024/07,-0.08,0.03,0.08,0.22,2
Nyamira,2024/08,0.2,-0.23,0.08,0.05,2
Nyamira,2024/09,0.37,0.23,0.08,-0.13,0
Nyamira,2024/10,0.11,-0.28,0.05,-0.11,2
Nyamira,2024/11,0.19,-0.19,0.06,0.34,2
Nyamira,2024/12,-0.3,0.11,0.06,-0.19,2
Nyandarua,2023/01,0.29,-0.33,0.07,0.14,2
Nyandarua,2023/02,0.13,0.29,0.04,-0.19,0
Nyandarua,2023/03,0.22,0.14,0.13,0.29,2
Nyandarua,2023/04,0.34,0.09,0.05,0.27,1
Nyandarua,2023/05,-0.05,-0.22,0.13,0.33,2
Nyandarua,2023/06,-0.03,-0.32,0.06,0.28,2
Nyandarua,2023/07,0.4,-0.2,0.01,0.33,2
Nyandarua,2023/08,-0.11,0.14,0.15,-0.16,1
Nyandarua,2023/09,0.15,-0.33,0.06,0.28,2
Nyandarua,2023/10,-0.07,0.6,0.08,-0.01,1
Nyandarua,2023/11,-0.28,-0.05,0.06,-0.16,2
Nyandarua,2023/12,-0.13,0.06,0.11,0.19,2
Nyandarua,2024/01,0.21,-0.39,0.03,0.2,2
Nyandarua,2024/02,-0.02,-0.39,0.12,0.26,2
Nyandarua,2024/03,0.05,-0.33,0.11,0.15,2
Nyandarua,2024/04,0.28,0.35,0.12,0.11,1
Nyandarua,2024/05,-0.36,0.27,0.09,0.25,2
Nyandarua,2024/06,-0.33,-0.21,0.13,0.25,2
Nyandarua,2024/07,0.41,0.36,0.09,0.19,1
Nyandarua,2024/08,0.39,0.18,0.09,-0.11,0
Nyandarua,2024/09,-0.03,0.32,0.04,-0.08,1
Nyandarua,2024/10,-0.19,-0.16,0.03,0.05,2
Nyandarua,2024/11,0.41,0.11,0.03,-0.15,0
Nyandarua,2024/12,0.2,-0.02,0.12,0.2,2
Nyeri,2023/01,0.3,-0.13,0.1,-0.04,1
Nyeri,2023/02,0.44,0.24,0.05,-0.04,0
Nyeri,2023/03,-0.31,0.29,0.03,0.16,2
Nyeri,2023/04,-0.24,0.26,0.12,0.27,2
Nyeri,2023/05,0.26,-0.21,0.01,0.22,2
Nyeri,2023/06,-0.13,0.03,0,-0.04,2
Nyeri,2023/07,-0.47,0.48,0.04,0.13,2
Nyeri,2023/08,-0.46,0.27,0.05,0.34,2
Nyeri,2023/09,0.39,-0.07,0.14,0.4,2
Nyeri,2023/10,0.33,0.44,0.04,0.15,0
Nyeri,2023/11,-0.43,-0.31,0.15,0,2
Nyeri,2023/12,0.25,0.41,0.13,0.4,1
Nyeri,2024/01,-0.26,-0.36,0.06,-0.12,2
Nyeri,2024/02,-0.48,-0.04,0.12,0.14,2
Nyeri,2024/03,-0.19,0.25,0.03,-0.19,1
Nyeri,2024/04,0.26,0.22,0.11,-0.18,0
Nyeri,2024/05,0.34,0.22,0.08,0.17,1
Nyeri,2024/06,0.36,0.19,0.09,0.39,1
Nyeri,2024/07,0.26,0.04,0.11,0.03,1
Nyeri,2024/08,-0.27,0.2,0.14,0.36,2
Nyeri,2024/09,-0.16,0.13,0.03,0.4,2
Nyeri,2024/10,0.48,0.25,0.12,0.23,1
Nyeri,2024/11,0.09,-0.35,0.07,0.2,2
Nyeri,2024/12,0.18,-0.03,0.14,-0.1,1
Samburu,2023/01,0,0.29,0.1,0.19,2
Samburu,2023/02,-0.22,-0.24,0.1,0.16,2
Samburu,2023/03,-0.32,0.31,0.07,0.2,2
Samburu,2023/04,0.34,-0.23,0,0.27,2
Samburu,2023/05,0.11,0.3,0.13,0.28,1
Samburu,2023/06,0.46,0.14,0.07,0.04,1
Samburu,2023/07,-0.35,0.17,0.04,0.35,2
Samburu,2023/08,0.08,0.19,0.05,-0.17,1
Samburu,2023/09,-0.47,0.02,0.01,0.16,2
Samburu,2023/10,0.38,0.48,0.1,-0.07,0
Samburu,2023/11,0.36,0.49,0.03,0.24,0
Samburu,2023/12,-0.21,0.4,0.15,-0.18,1
Samburu,2024/01,0.4,0.22,0.15,0.08,1
Samburu,2024/02,0.35,-0.34,0.05,-0.16,1
Samburu,2024/03,0.48,0.42,0.13,0.36,1
Samburu,2024/04,-0.41,-0.01,0.01,-0.07,2
Samburu,2024/05,-0.27,0.07,0.04,-0.14,2
Samburu,2024/06,-0.33,-0.25,0.15,0.26,2
Samburu,2024/07,0.47,0.04,0.04,0.28,1
Samburu,2024/08,-0.17,-0.1,0.03,-0.12,2
Samburu,2024/09,-0.24,-0.04,0.1,-0.16,2
Samburu,2024/10,-0.29,0.41,0.02,0.01,1
Samburu,2024/11,0.36,-0.25,0.01,0.09,1
Samburu,2024/12,-0.2,0.16,0.12,-0.12,2
Siaya,2023/01,0.08,0.11,0.02,0.17,2
Siaya,2023/02,-0.23,0.09,0.01,0.08,2
Siaya,2023/03,-0.19,0.42,0.01,0.05,1
Siaya,2023/04,-0.04,0.33,0.09,0.2,2
Siaya,2023/05,0.28,0.46,0.05,0.12,0
Siaya,2023/06,0.34,0.59,0.13,0.02,0
Siaya,2023/07,-0.3,0.09,0.11,0.1,2
Siaya,2023/08,-0.02,0.44,0.05,0.32,1
Siaya,2023/09,-0.09,-0.07,0.07,0.26,2
Siaya,2023/10,-0.37,-0.2,0.14,-0.09,2
Siaya,2023/11,0.07,0.18,0.07,0.19,2
Siaya,2023/12,-0.27,0.15,0.06,0.2,2
Siaya,2024/01,-0.36,0.17,0.03,-0.03,2
Siaya,2024/02,-0.28,-0.22,0.12,-0.03,2
Siaya,2024/03,0.43,0.57,0.09,-0.11,0
Siaya,2024/04,-0.13,0.4,0.06,-0.15,1
Siaya,2024/05,0.06,0.45,0.12,-0.09,1
Siaya,2024/06,0.17,-0.18,0.03,0.32,2
Siaya,2024/07,-0.25,-0.14,0,0.32,2
Siaya,2024/08,0.29,0.23,0.11,-0.11,0
Siaya,2024/09,-0.04,-0.05,0.01,0.09,2
Siaya,2024/10,0.42,-0.36,0.04,-0.08,1
Siaya,2024/11,-0.26,0.51,0.07,0.08,1
Siaya,2024/12,0.26,-0.25,0.07,0.06,2
Taita-Taveta,2023/01,0.1,0.6,0.12,0.04,0
Taita-Taveta,2023/02,0.33,-0.23,0,-0.08,1
Taita-Taveta,2023/03,-0.16,0.11,0.09,0.35,2
Taita-Taveta,2023/04,0.01,0.1,0.01,-0.18,1
Taita-Taveta,2023/05,0.05,0.04,0.13,-0.1,1
Taita-Taveta,2023/06,-0.48,0.05,0.04,-0.17,2
Taita-Taveta,2023/07,0.22,-0.29,0.09,-0.03,2
Taita-Taveta,2023/08,-0.33,-0.02,0.12,0.04,2
Taita-Taveta,2023/09,0.25,-0.27,0.12,-0.06,2
Taita-Taveta,2023/10,0.18,0.17,0.14,0.03,1
Taita-Taveta,2023/11,-0.43,-0.38,0.12,0.11,2
Taita-Taveta,2023/12,0.28,-0.17,0.05,-0.18,1
Taita-Taveta,2024/01,0.46,0.27,0.14,-0.04,0
Taita-Taveta,2024/02,0.11,0.28,0.05,0.31,1
Taita-Taveta,2024/03,0.45,0.48,0.11,-0.03,0
Taita-Taveta,2024/04,-0.22,0.56,0,0.23,1
Taita-Taveta,2024/05,0.21,0.22,0.15,-0.01,1
Taita-Taveta,2024/06,-0.16,-0.32,0.07,-0.04,2
Taita-Taveta,2024/07,-0.16,0.43,0.14,-0.09,1
Taita-Taveta,2024/08,-0.13,0.53,0.01,-0.14,0
Taita-Taveta,2024/09,-0.34,0.2,0.02,0.38,2
Taita-Taveta,2024/10,-0.05,0.1,0.04,0.08,2
Taita-Taveta,2024/11,0.16,0.35,0.11,0.15,1
Taita-Taveta,2024/12,0.4,0.42,0.11,-0.17,0
Tana River,2023/01,-0.49,-0.19,0.1,0.05,2
Tana River,2023/02,-0.1,0.48,0.13,0.35,2
Tana River,2023/03,-0.19,0.29,0.04,-0.09,1
Tana River,2023/04,-0.32,-0.06,0.06,0.3,2
Tana River,2023/05,-0.38,0.33,0.08,-0.03,2
Tana River,2023/06,-0.01,-0.1,0.09,0.06,2
Tana River,2023/07,-0.34,-0.28,0.08,0.34,2
Tana River,2023/08,-0.16,0.33,0.1,0.36,2
Tana River,2023/09,0.32,0.17,0.1,0.34,1
Tana River,2023/10,-0.1,-0.07,0,0.3,2
Tana River,2023/11,0.3,-0.3,0.09,0.08,2
Tana River,2023/12,-0.38,0.58,0.03,-0.16,1
Tana River,2024/01,0.09,0.34,0,0.2,1
Tana River,2024/02,0.03,-0.3,0.03,0.14,2
Tana River,2024/03,-0.2,0.54,0.12,0.39,2
Tana River,2024/04,-0.24,0.57,0.06,0.01,1
Tana River,2024/05,-0.45,-0.35,0.1,0.07,2
Tana River,2024/06,-0.27,0.21,0.04,0.15,2
Tana River,2024/07,-0.14,0.42,0.12,0.09,1
Tana River,2024/08,-0.15,-0.04,0.12,0,2
Tana River,2024/09,-0.29,-0.32,0.07,0.09,2
Tana River,2024/10,0.34,-0.18,0.06,0.29,2
Tana River,2024/11,0.32,-0.02,0.07,-0.02,1
Tana River,2024/12,0.43,-0.28,0.14,0.21,2
Tharaka-Nithi,2023/01,0.03,-0.37,0.07,0.04,2
Tharaka-Nithi,2023/02,-0.34,0.26,0.15,0.14,2
Tharaka-Nithi,2023/03,0.21,-0.33,0.06,-0.13,2
Tharaka-Nithi,2023/04,0.11,0.54,0.1,-0.15,0
Tharaka-Nithi,2023/05,-0.15,0.15,0.06,0.3,2
Tharaka-Nithi,2023/06,0.31,0.21,0.06,-0.05,0
Tharaka-Nithi,2023/07,-0.39,-0.05,0.06,0.21,2
Tharaka-Nithi,2023/08,0.16,-0.33,0.06,-0.09,2
Tharaka-Nithi,2023/09,-0.34,0.43,0.01,0.05,1
Tharaka-Nithi,2023/10,-0.33,0.48,0.08,-0.06,1
Tharaka-Nithi,2023/11,0,0.33,0.14,-0.07,1
Tharaka-Nithi,2023/12,0.39,0.53,0.14,0.18,0
Tharaka-Nithi,2024/01,0.13,0,0.11,0.12,2
Tharaka-Nithi,2024/02,0.18,0.03,0.11,0.29,2
Tharaka-Nithi,2024/03,-0.35,0.43,0.08,0.31,2
Tharaka-Nithi,2024/04,-0.07,-0.02,0.14,-0.05,2
Tharaka-Nithi,2024/05,0.34,0.08,0.08,-0.01,1
Tharaka-Nithi,2024/06,0.07,-0.07,0.01,-0.04,1
Tharaka-Nithi,2024/07,-0.49,0.58,0.14,0.04,2
Tharaka-Nithi,2024/08,0.23,-0.05,0.1,0.28,2
Tharaka-Nithi,2024/09,0.45,0,0.12,-0.04,1
Tharaka-Nithi,2024/10,0.49,-0.37,0.09,0.2,2
Tharaka-Nithi,2024/11,0.19,-0.28,0.14,-0.09,2
Tharaka-Nithi,2024/12,0.12,-0.18,0.05,0.13,2
Trans Nzoia,2023/01,-0.08,-0.24,0.03,0.05,2
Trans Nzoia,2023/02,0.26,0.5,0.01,0.04,0
Trans Nzoia,2023/03,-0.4,-0.38,0.1,0.16,2
Trans Nzoia,2023/04,-0.34,-0.17,0,0.3,2
Trans Nzoia,2023/05,0.47,-0.26,0.03,0.32,2
Trans Nzoia,2023/06,0.43,0.02,0.01,-0.18,0
Trans Nzoia,2023/07,0.07,-0.01,0,0.15,2
Trans Nzoia,2023/08,-0.49,0.39,0.05,-0.18,1
Trans Nzoia,2023/09,0.09,0,0.15,0.13,2
Trans Nzoia,2023/10,-0.22,0.31,0.04,0.34,2
Trans Nzoia,2023/11,-0.13,0.15,0.01,0.06,2
Trans Nzoia,2023/12,0.33,0.41,0.03,-0.06,0
Trans Nzoia,2024/01,0.32,0.53,0.01,0.07,0
Trans Nzoia,2024/02,-0.16,0.47,0.01,-0.07,1
Trans Nzoia,2024/03,0.25,-0.35,0.07,0.07,2
Trans Nzoia,2024/04,-0.17,-0.01,0.08,-0.1,2
Trans Nzoia,2024/05,0.07,0.41,0.11,-0.11,1
Trans Nzoia,2024/06,-0.35,-0.13,0.05,0.05,2
Trans Nzoia,2024/07,0.18,-0.34,0.01,0.04,2
Trans Nzoia,2024/08,0.2,-0.21,0.1,-0.04,2
Trans Nzoia,2024/09,0.39,0.5,0.04,-0.06,0
Trans Nzoia,2024/10,-0.09,-0.16,0.1,0.3,2
Trans Nzoia,2024/11,0.17,0.42,0.06,-0.11,0
Trans Nzoia,2024/12,0.24,-0.04,0.1,-0.04,1
Turkana,2023/01,-0.42,0.59,0.02,0.39,2
Turkana,2023/02,0.48,0.39,0.1,0.15,0
Turkana,2023/03,0.37,-0.11,0.07,0.17,1
Turkana,2023/04,-0.09,0.03,0.05,0.14,2
Turkana,2023/05,0.35,-0.2,0.14,0.21,2
Turkana,2023/06,0.32,0.16,0.12,-0.19,0
Turkana,2023/07,0.32,-0.36,0.13,0.4,2
Turkana,2023/08,-0.21,-0.19,0.11,-0.05,2
Turkana,2023/09,0.37,-0.3,0.02,0.39,2
Turkana,2023/10,0.17,0.45,0.05,0.21,1
Turkana,2023/11,0.09,0.2,0.1,0.15,1
Turkana,2023/12,-0.07,-0.12,0.12,-0.06,2
Turkana,2024/01,0.19,-0.17,0.09,0.25,2
Turkana,2024/02,-0.28,-0.34,0.02,0.16,2
Turkana,2024/03,0.35,-0.36,0.11,0,2
Turkana,2024/04,-0.02,0.53,0.05,0.08,1
Turkana,2024/05,-0.49,-0.32,0.04,-0.18,2
Turkana,2024/06,0.13,0.03,0.08,-0.1,1
Turkana,2024/07,-0.2,0.26,0.14,-0.17,1
Turkana,2024/08,0.39,0.18,0.08,0.1,1
Turkana,2024/09,-0.43,-0.31,0.09,0,2
Turkana,2024/10,0.42,0.01,0.02,0.23,1
Turkana,2024/11,-0.21,0.13,0.1,0.34,2
Turkana,2024/12,0.29,0.28,0.1,0.37,1
Uasin Gishu,2023/01,-0.2,-0.4,0.04,-0.07,2
Uasin Gishu,2023/02,0.16,0.23,0.09,-0.19,1
Uasin Gishu,2023/03,0.23,-0.08,0.1,0.13,2
Uasin Gishu,2023/04,-0.16,-0.27,0.01,0.3,2
Uasin Gishu,2023/05,0.42,0.25,0.02,0.04,0
Uasin Gishu,2023/06,0.23,0.38,0.02,-0.2,0
Uasin Gishu,2023/07,0.21,-0.04,0.04,-0.19,1
Uasin Gishu,2023/08,0.04,0.45,0.14,0.14,1
Uasin Gishu,2023/09,0.01,-0.31,0.08,0.03,2
Uasin Gishu,2023/10,0.11,-0.01,0.04,-0.14,1
Uasin Gishu,2023/11,-0.19,-0.3,0.03,0.39,2
Uasin Gishu,2023/12,-0.06,0.13,0.13,0.4,2
Uasin Gishu,2024/01,0.08,0.41,0.05,-0.02,1
Uasin Gishu,2024/02,-0.1,0.27,0.1,-0.01,1
Uasin Gishu,2024/03,-0.37,0.23,0.02,0.15,2
Uasin Gishu,2024/04,0.19,0.3,0.11,0.32,1
Uasin Gishu,2024/05,0,0.33,0.09,-0.09,1
Uasin Gishu,2024/06,-0.47,-0.12,0.07,0.17,2
Uasin Gishu,2024/07,0.35,-0.2,0.02,0.38,2
Uasin Gishu,2024/08,-0.39,0.08,0.09,0.12,2
Uasin Gishu,2024/09,-0.41,-0.34,0.02,0.15,2
Uasin Gishu,2024/10,0.04,-0.17,0.1,0.29,2
Uasin Gishu,2024/11,-0.46,0.1,0.1,-0.05,2
Uasin Gishu,2024/12,-0.19,0.21,0.13,0.29,2
Vihiga,2023/01,0.08,0.33,0.05,0.18,1
Vihiga,2023/02,-0.03,-0.21,0.11,0.13,2
Vihiga,2023/03,-0.14,0.51,0,-0.01,1
Vihiga,2023/04,-0.44,0.37,0.11,0,2
Vihiga,2023/05,0.18,0,0.11,0.07,2
Vihiga,2023/06,-0.09,0.53,0.04,-0.13,0
Vihiga,2023/07,0.08,0.57,0.06,-0.16,0
Vihiga,2023/08,-0.16,0.11,0.02,0.19,2
Vihiga,2023/09,0.5,0.05,0.05,0.04,1
Vihiga,2023/10,-0.38,0.48,0.06,0.03,1
Vihiga,2023/11,0.16,0.04,0.1,-0.16,1
Vihiga,2023/12,0.31,0.54,0.1,0.37,1
Vihiga,2024/01,-0.35,0.08,0.09,0.15,2
Vihiga,2024/02,-0.1,-0.06,0.02,0.04,2
Vihiga,2024/03,-0.34,0.33,0.03,-0.16,1
Vihiga,2024/04,0.05,0.2,0.13,0.15,2
Vihiga,2024/05,-0.15,0.4,0.08,-0.15,1
Vihiga,2024/06,0.07,0.51,0.06,-0.02,0
Vihiga,2024/07,-0.36,-0.25,0.06,0.16,2
Vihiga,2024/08,-0.42,0.54,0.11,0.15,2
Vihiga,2024/09,0.33,-0.32,0.07,0.18,2
Vihiga,2024/10,0.33,0.38,0.04,0.36,1
Vihiga,2024/11,-0.38,0.48,0.15,-0.09,1
Vihiga,2024/12,0.22,-0.36,0.06,0.11,2
Wajir,2023/01,0.08,0.54,0.1,0.09,1
Wajir,2023/02,0.31,0.55,0,0.39,1
Wajir,2023/03,-0.41,0.41,0.04,-0.12,1
Wajir,2023/04,-0.06,0.24,0.06,-0.17,1
Wajir,2023/05,0.1,0.5,0.06,-0.07,0
Wajir,2023/06,-0.06,-0.35,0.12,0.3,2
Wajir,2023/07,0.09,-0.05,0.12,0.13,2
Wajir,2023/08,0.33,0.23,0.12,0.16,1
Wajir,2023/09,-0.09,0.56,0.08,0.16,1
Wajir,2023/10,-0.28,0.23,0.09,-0.09,2
Wajir,2023/11,-0.44,0.2,0.11,0.11,2
Wajir,2023/12,-0.27,0.27,0.01,0.07,2
Wajir,2024/01,-0.34,-0.22,0.03,0.03,2
Wajir,2024/02,-0.45,0,0.08,0.09,2
Wajir,2024/03,-0.12,0.44,0.02,0.1,1
Wajir,2024/04,-0.44,-0.33,0.09,0.14,2
Wajir,2024/05,0.38,0.16,0.14,-0.17,0
Wajir,2024/06,-0.4,-0.36,0.03,0.12,2
Wajir,2024/07,0.15,-0.35,0.14,0.31,2
Wajir,2024/08,-0.2,-0.32,0.03,-0.12,2
Wajir,2024/09,-0.38,0.12,0.04,0.01,2
Wajir,2024/10,0.49,0.28,0.14,-0.11,0
Wajir,2024/11,-0.12,0.15,0.01,-0.2,1
Wajir,2024/12,0.17,0.24,0.06,0.09,1
West Pokot,2023/01,-0.08,-0.38,0.05,-0.09,2
West Pokot,2023/02,-0.4,0.56,0.09,0.24,2
West Pokot,2023/03,-0.18,-0.01,0.04,-0.14,2
West Pokot,2023/04,-0.32,0.4,0.1,0.13,2
West Pokot,2023/05,-0.02,0.52,0.01,-0.03,0
West Pokot,2023/06,-0.15,0.38,0.15,-0.06,1
West Pokot,2023/07,0.37,0.43,0.03,0.04,0
West Pokot,2023/08,-0.09,0.58,0.03,0.28,1
West Pokot,2023/09,-0.17,0.33,0.06,0.15,2
West Pokot,2023/10,0.33,0.4,0.13,-0.16,0
West Pokot,2023/11,0.19,-0.26,0.06,0.13,2
West Pokot,2023/12,-0.1,0.12,0.15,-0.12,2
West Pokot,2024/01,0.18,0,0.02,-0.1,1
West Pokot,2024/02,0.45,0.48,0.14,0.39,1
West Pokot,2024/03,-0.29,-0.04,0.1,0.09,2
West Pokot,2024/04,-0.08,-0.04,0.09,0.15,2
West Pokot,2024/05,-0.34,0.07,0.08,0.14,2
West Pokot,2024/06,-0.29,0.34,0,0.01,1
West Pokot,2024/07,0.28,0.16,0.04,0.22,1
West Pokot,2024/08,0.07,0.4,0.11,0.17,1
West Pokot,2024/09,-0.01,-0.27,0.04,0.05,2
West Pokot,2024/10,0.1,0.11,0.04,-0.2,1
West Pokot,2024/11,0,-0.11,0.11,-0.19,2
West Pokot,2024/12,0.08,0.54,0.03,0.08,0
